Model,MAE,RMSE,R2,Run Time (s)
Linear Regression,11217.772736548857,24138.169901184436,0.04722747870102739,0.01
Decision Tree,2191.896222731517,10852.72836011698,0.807399056881578,0.22
Support Vector Regression,6502.585906707548,25521.333189826608,-0.06509233299760764,59.77
