Model,MAE,RMSE,R2,Run Time (s),Evaluation
Linear Regression,11330.669188144471,24175.029967936796,0.07205208988480784,0.31,10-Fold CV
Decision Tree,2556.209890077243,11999.156273933737,0.7692832895350398,4.13,10-Fold CV
Support Vector Regression,6862.721580643306,26025.984292697816,-0.07508483294899086,0.67,80/20 Split
